-- drop table if exists users cascade;
create table if not exists users
(
    id         bigserial primary key,
    username   varchar(30)  not null,
    password   varchar(200) not null,
    email      varchar(50) unique,
    user_role  varchar(20)  not null,
    created_at timestamp default current_timestamp,
    updated_at timestamp default current_timestamp
);
insert into users (username, password, email, user_role)
values ('admin', '$2a$12$SpBu8mutcZOxdRJ1uB7K6.gJvohkIh4eG4KbM4YKI.cHt3/Oje3Sq', 'admin@gmail.com', 'ROLE_ADMIN'),
       ('manager', '$2a$12$5LFojdj.ByfyOyO13ziCP.3S.UIezgdPKdiDQriDub1zChxtnZi9u', 'manager@gmail.com', 'ROLE_MANAGER'),
       ('main_manager', '$2a$12$5LFojdj.ByfyOyO13ziCP.3S.UIezgdPKdiDQriDub1zChxtnZi9u', 'main_manager@gmail.com',
        'ROLE_MAIN_MANAGER');

drop table if exists clients cascade;
create table clients
(
    id         bigint generated by default as identity,
    created_at timestamp default current_timestamp,
    updated_at timestamp default current_timestamp,
    address    varchar(255),
    name       varchar(255),
    passport   varchar(255),
    phone      varchar(255),
    primary key (id)
);


drop table if exists contract cascade;
create table contract
(
    id         bigint generated by default as identity,
    created_at timestamp default current_timestamp,
    updated_at timestamp default current_timestamp,
    period     integer,
    sum        decimal(19, 2),
    percent    decimal(4, 2),
    status     varchar(30),
    client_id  bigint,
    primary key (id),
    foreign key (client_id) references clients (id)
--         on DELETE RESTRICT
--         on UPDATE CASCADE
);

drop table if exists credit_response cascade;
create table credit_response
(
    id          bigint generated by default as identity,
    created_at  timestamp default current_timestamp,
    updated_at  timestamp default current_timestamp,
    period      integer,
    sum         decimal(19, 2),
    percent     float,
    status      varchar(30),
    client_id   bigint,
    contract_id bigint,
    primary key (id),
    foreign key (client_id) references clients (id),
    foreign key (contract_id) references contract (id)
);


drop table if exists credit_request cascade;
create table credit_request
(
    id          bigint generated by default as identity,
    created_at  timestamp default current_timestamp,
    updated_at  timestamp default current_timestamp,
    period      integer,
    sum         decimal(19, 2),
    status      varchar(30),
    client_id   bigint,
    response_id bigint,
    primary key (id),
    foreign key (client_id) references clients (id),
    foreign key (response_id) references credit_response (id)
);



INSERT INTO clients (id, name, passport, address, phone)
VALUES (1, 'Иванов Сергей Иванович', '12-16 454871', 'Москва, ул.Ленина, 12, кв № 7', '25-25-25'),
       (2, 'Петров Василий Павлович', '11-13 666777', 'Астрахань, ул.Боевая, 125, кв № 71', '+79056981258'),
       (3, 'Сидоров Евгений Борисович', '2456 8798547', 'Москва, пр.Мира, 30, кв № 1', '+792780113888'),
       (4, 'Блохин Олег Николаевич', '2569 8877441', 'Москва, пр.Мира, 30, кв № 1', '+792780113888'),
       (5, 'Дворников Андрей Павлович', '2587 125892', 'Москва, пр.Мира, 30, кв № 1', '+792780113888'),
       (6, 'Корнеев Виктор степанович', '4466 789658', 'Москва, пр.Мира, 30, кв № 1', '+792780113888'),
       (7, 'Ногина Евгения Петровна', '7894 789587', 'Москва, пр.Мира, 30, кв № 1', '+792780113888'),
       (8, 'Полякова Электра Викторовна', '5831 666777', 'Москва, пр.Мира, 30, кв № 1', '+792780113888'),
       (9, 'Бунина Павлина Ивановна', '1287 879587', 'Москва, пр.Мира, 30, кв № 1', '+792780113888'),
       (10, 'Парамонова Светлана Петровна', '2136 789321', 'Москва, пр.Мира, 30, кв № 1', '+792780113888'),
       (11, 'Стругацкий Михаил Олегович', '8597 123587', 'Москва, пр.Мира, 30, кв № 1', '+792780113888'),
       (12, 'Собко Геннадий Юрьевич', '4582 8879654', 'Москва, пр.Мира, 30, кв № 1', '+792780113888'),
       (13, 'Гриценко Валкрий Викторович', '2365 698712', 'Москва, пр.Мира, 30, кв № 1', '+792780113888'),
       (14, 'Борисов Борис Дмитриевич', '5597 897458', 'Москва, пр.Мира, 30, кв № 1', '+792780113888'),
       (15, 'Клемина Татьяна Александровна', '1234 3287122', 'Москва, пр.Мира, 30, кв № 1', '+792780113888'),
       (16, 'Давыдов Денис Павлович', '7741 698722', 'Москва, пр.Мира, 30, кв № 1', '+792780113888'),
       (17, 'Лепницкая Татьяна Александровна', '3258 127978', 'Москва, пр.Мира, 30, кв № 1', '+792780113888');


INSERT INTO contract (id, period, sum, percent, status, client_id)
VALUES (1, 24, 30000, 15, 'WAITING_SIGNING', 1);



INSERT INTO credit_response(id, period, sum, percent, status, client_id, contract_id)
VALUES (1, 6, 25000, 17, 'REJECTION', 1, null),
       (2, 24, 30000, 15, 'CONFIRMED', 1, 1),
       (3, 24, 100000, 19, 'CONFIRMED', 1, null),
       (4, 24, 100000, 19, 'WAITING', 1, null),
       (5, 24, 100000, 19, 'WAITING', 5, null),
       (6, 24, 100000, 19, 'WAITING', 6, null),
       (7, 24, 100000, 19, 'WAITING', 7, null),
       (8, 24, 100000, 19, 'WAITING', 8, null),
       (9, 24, 100000, 19, 'WAITING', 9, null),
       (10, 24, 100000, 19, 'WAITING', 10, null),
       (11, 24, 100000, 19, 'WAITING', 11, null);

INSERT INTO credit_request(id, period, sum, status, client_id, response_id)
VALUES (1, 12, 100000, 'WAITING', 1, 1),
       (2, 24, 50000, 'CONFIRMED', 1, 2),
       (3, 24, 600000, 'WAITING', 1, 3),
       (4, 24, 400000, 'WAITING', 4, 4),
       (5, 24, 100000, 'WAITING', 5, 5),
       (6, 24, 300000, 'WAITING', 6, 6),
       (7, 24, 600000, 'WAITING', 7, 7),
       (8, 24, 600000, 'WAITING', 8, 8),
       (9, 24, 600000, 'WAITING', 9, 9),
       (10, 24, 600000, 'WAITING', 10, 10),
       (11, 24, 600000, 'WAITING', 11, 11);